user_id,conversion_prob,price_sens_prob,annual_prob
bob,0.0674331486,1.0,0.0
alice,0.1095877737,0.0,1.0
charlie,0.1035577655,0.6,0.35
u_6f37326149e5,0.0831799358,0.0,1.0
u_c5214623f0d6,0.0591779277,0.6,0.35
u_2c255d943663,0.0648963749,0.6,0.35
u_1089971b6081,0.0829175562,0.0,1.0
u_f08cc374362c,0.0849113166,1.0,0.0
u_ddca4ed0f4dc,0.066567637,0.6,0.35
u_3d9547d992d1,0.0760501921,0.6,0.35
u_d91667b681f5,0.1264659464,0.0,1.0
u_80cbb74ab85c,0.0466907397,1.0,1.0
u_34090472fe18,0.0710013434,0.0,0.0
u_42e840ac8042,0.0545855761,1.0,1.0
u_59a60ab51702,0.0250161905,0.6,0.35
u_6a6f8ccb5fb2,0.0999030471,0.6,0.35
u_c99ea609ee09,0.1125513166,1.0,1.0
u_d2e9b80e3a9a,0.0509203225,0.6,0.35
u_161f5d24c197,0.0241166912,0.6,0.35
u_9581db45490a,0.0535182208,0.6,0.35
u_26c9c52242d3,0.0525658615,1.0,0.0
u_67c2992c2042,0.0941350013,0.0,0.0
u_d2f8d03bf66e,0.0626014248,0.6,0.35
u_c5baa8cb715f,0.1239118278,0.6,0.35
u_9fd467feb636,0.095231168,0.0,0.0
u_6619948f9c35,0.0976607502,0.0,1.0
u_ce9eb39e1343,0.0954393595,0.6,0.35
u_d9f052dc84ec,0.1106773317,0.0,0.0
u_6287949a44ad,0.0453898013,0.6,0.35
u_647ecb8d1aeb,0.0958796516,0.6,0.35
u_cc1261f22fb8,0.0410923734,0.6,0.35
u_58ac58a145a8,0.1061648428,0.0,0.0
u_8e91afd75c59,0.0373762101,0.6,0.35
u_543d3e527a63,0.0860812068,0.6,0.35
u_b8767d0d51f9,0.0785906017,1.0,0.0
u_1b5a95fe5850,0.1115857363,0.6,0.35
u_11b98cb6fd0c,0.1159728765,1.0,0.0
u_d3021b810968,0.0774481148,0.6,0.35
u_0c64a2a3810a,0.0521054566,0.6,0.35
u_afaf61f6aacd,0.0870858505,0.6,0.35
u_4488398a336e,0.0939428285,0.0,0.0
u_93273512ee68,0.1022696793,1.0,1.0
u_899370609862,0.0311255138,0.6,0.35
u_2d1660af6a01,0.0599238388,0.6,0.35
u_913299ba2825,0.0183457769,1.0,0.0
u_ef58a8204428,0.1166832671,1.0,1.0
u_b3c739ca4a1a,0.0218257923,0.0,0.0
u_5ba1be103c8e,0.08572568,0.6,0.35
u_19a5fcda8a42,0.1196356714,1.0,0.0
u_0f3c12a1dced,0.1018544883,0.6,0.35
u_0c706804bcd0,0.099127546,1.0,0.0
u_219a5c6c1b94,0.0347232521,1.0,0.0
u_f6fcb5e252e5,0.1297765523,1.0,0.0
u_9f7c43a68b65,0.0644124225,0.6,0.35
u_81a60560bec1,0.0818914324,0.6,0.35
u_052bd7259aed,0.05176761,0.6,0.35
u_93c0ee97114e,0.1116528213,1.0,1.0
u_7a56f02d2404,0.0916740298,0.6,0.35
u_2dccfa9d6723,0.1148670539,0.6,0.35
u_de017bada5f2,0.0927761123,0.6,0.35
u_e58be8768881,0.0853275433,1.0,1.0
u_e41d8a98eef6,0.1015384197,0.6,0.35
u_caca55d2595d,0.0542624593,0.6,0.35
u_72e280910268,0.0798279345,1.0,1.0
u_2495664484bd,0.0834415853,0.6,0.35
u_d85528cfba03,0.0928545967,0.6,0.35
u_99c13a1ae33f,0.1193897575,0.6,0.35
u_464d1e3ebf59,0.1165032089,0.0,1.0
u_eb047dc445ec,0.1058706045,0.6,0.35
u_4a903d639d1e,0.1088946089,0.6,0.35
u_ae16d91f66f1,0.0894692838,0.6,0.35
u_eb90b1f4ad42,0.110393174,1.0,0.0
u_30764ffc05d7,0.0456868149,0.0,0.0
u_a6f310ae74e6,0.1005161628,0.0,0.0
u_bb02d96833a5,0.0964452475,1.0,0.0
u_cd767468cf2a,0.0799471289,0.6,0.35
u_2bbbf04bad48,0.1277213246,1.0,0.0
u_f1c5e987df49,0.1004107818,0.0,0.0
u_261f48e9f517,0.0582796708,0.6,0.35
u_988c08cca50b,0.1048502997,0.6,0.35
u_dcaa82f89f73,0.0675585344,0.6,0.35
u_11711dcda030,0.0722772777,0.6,0.35
u_230f4b92d1c3,0.0603001863,0.6,0.35
u_290a40f7c233,0.1151599735,1.0,0.0
u_b4b62f86391d,0.0810218155,0.6,0.35
u_5606af0e19cf,0.0962456912,0.6,0.35
u_2328e1a2f885,0.0974171534,0.6,0.35
u_225444a4c186,0.1076154336,0.6,0.35
u_f7cace83a74f,0.0911626443,0.6,0.35
u_f5076dc605f9,0.0947609544,1.0,1.0
u_4e3bffa7bc7d,0.0503478721,1.0,0.0
u_a7417470d67d,0.1033109277,1.0,0.0
u_c18a4bf995ea,0.08933267,1.0,0.0
u_ec97c376821e,0.0427488573,0.6,0.35
u_e5719ce82829,0.0828024298,0.6,0.35
u_c1730d2b07c6,0.0833812281,0.6,0.35
u_38a34c95f633,0.1235776246,0.0,0.0
u_5fe2b3cd9f5f,0.1060243547,1.0,0.0
u_8321f848ecb2,0.1041202173,0.6,0.35
u_dc0edb4a9d83,0.1012473255,1.0,0.0
u_9f7fa08e1e09,0.0570058376,0.6,0.35
u_036cc37746d3,0.098135978,1.0,1.0
u_6d58302bee79,0.0217592418,0.6,0.35
u_12ca04015097,0.0400673077,0.6,0.35
u_19bd9aaacd08,0.1067337841,0.6,0.35
u_e6c63fb2f108,0.0563331284,0.0,1.0
u_482d24f102c2,0.0453494005,0.6,0.35
u_00a13b7d3b8d,0.0394365601,0.6,0.35
u_cc83dd092574,0.0486412533,0.6,0.35
u_676cbb4fa5b4,0.1058327407,0.6,0.35
u_02f3f6037ec9,0.0900538117,0.6,0.35
u_965264b6c73a,0.085085392,0.0,0.0
u_b789afc0f338,0.0369220339,0.6,0.35
u_b9b1597065d0,0.0829667598,1.0,0.0
u_bf713be9b0b5,0.0867183879,0.6,0.35
u_a61cbd7d855d,0.055749137,0.6,0.35
u_ab0074a2ac36,0.1128101945,0.0,1.0
u_1d2293748ad4,0.1053694338,0.0,1.0
u_86928b89a1c9,0.0656623095,0.6,0.35
u_77fb5b670d01,0.032398615,0.6,0.35
u_9e09afec4b8b,0.0562309027,0.0,0.0
u_5f386203c3fd,0.1152346283,0.6,0.35
u_040cae5e7163,0.0774344727,0.0,0.0
u_b2b76a14d2dd,0.098178193,0.0,0.0
u_57d21c608051,0.0620636679,1.0,1.0
u_c571a2008553,0.1259505004,0.6,0.35
u_03b9ff9c3aef,0.0212880522,0.6,0.35
u_3786fbcc998b,0.1214427575,1.0,1.0
u_f86edfa77683,0.0883900523,0.0,0.0
u_8d7aab6694ef,0.0925144628,1.0,0.0
u_d2734e70443e,0.1023164764,1.0,0.0
u_20a5d0d7c3e1,0.1145722494,1.0,1.0
u_a0ecd9e42244,0.0816217437,0.6,0.35
u_2bfc1b1df10c,0.0698921978,0.6,0.35
u_102a1a765506,0.0990613028,0.0,1.0
u_c87e21c56eda,0.0745575726,1.0,0.0
u_871f467a77f1,0.1087452322,1.0,0.0
u_014e3a9101b7,0.0832184851,0.0,0.0
u_0a9dd88f57bf,0.0746635795,0.6,0.35
u_94461ef87c0f,0.0861819834,0.6,0.35
u_7d1e033f5404,0.1147720963,1.0,0.0
u_ca9f75b792de,0.0688782409,0.6,0.35
u_a6746a9504ba,0.0680157393,0.6,0.35
u_d55649c7c779,0.1221094206,0.6,0.35
u_d55c2e36d42e,0.101053372,0.6,0.35
u_79872f89e063,0.1272796094,0.0,1.0
u_fafec0043e41,0.1177749112,1.0,0.0
u_8fcfb58befcc,0.1056786999,0.6,0.35
u_13ab9a749c40,0.0971954688,1.0,0.0
u_5ea178cee762,0.0834125578,1.0,0.0
u_7e00464fe21d,0.1055509076,1.0,0.0
u_3cc0964664e5,0.0276616607,0.6,0.35
u_498fe4455337,0.1077964455,0.6,0.35
u_02f4f323a9f6,0.0963229835,0.6,0.35
u_5cdcf8e6a808,0.1038485765,0.6,0.35
u_b49081ff1ce8,0.0891853273,0.6,0.35
u_5f8b6d64c2a8,0.0897510424,1.0,0.0
u_9020275dda9a,0.1085784137,0.6,0.35
u_94d4a9268d67,0.1088537052,0.6,0.35
u_c969ddbd280a,0.0406389199,0.6,0.35
u_2d5186c91862,0.0997455344,1.0,0.0
u_7c2418775b2c,0.0416588336,0.6,0.35
u_49920c38b8d1,0.0430807881,0.6,0.35
u_bd7ed644459b,0.0451515354,0.6,0.35
u_75687637357e,0.1114008576,0.0,0.0
u_74639b9cfc0e,0.0998993814,1.0,0.0
u_031e2659c507,0.1294543445,1.0,0.0
u_cdda320c1d6e,0.1319658905,0.6,0.35
u_369299de5bc5,0.1001783311,1.0,0.0
u_07aa6cbbcc27,0.0345045254,0.0,0.0
u_aa7afce9064e,0.0894804224,1.0,0.0
u_06d71e5f1a3f,0.0359490775,0.6,0.35
u_b80216fa4025,0.1063181534,0.6,0.35
u_670331e5d1af,0.1012133509,0.6,0.35
u_3af1280729fe,0.0944285095,0.6,0.35
u_74736fd22c6a,0.014960859,1.0,0.0
u_65faf3e43579,0.0821107626,0.6,0.35
u_38e6dd18afa0,0.0622292347,1.0,1.0
u_f7b4ee92033a,0.0868444815,1.0,0.0
u_8fd55b172124,0.1119755954,0.6,0.35
u_c94f65d9d2ca,0.0452320166,0.6,0.35
u_0fdd2cca8282,0.1059710607,0.6,0.35
u_9bf794bcaf09,0.0942597687,1.0,0.0
u_c08f92894b93,0.1108970791,1.0,0.0
u_2e1ad1166aec,0.1220120639,0.0,1.0
u_421c0171edd5,0.0306002758,0.6,0.35
u_2f1ad281a007,0.0555485711,0.6,0.35
u_31a75d25f93a,0.1092421561,0.6,0.35
u_c20fce85a8c3,0.1013805717,0.6,0.35
u_2e38b15ed33c,0.0618807375,0.6,0.35
u_07aee5bb4c4b,0.1032728553,1.0,0.0
u_f1991b675607,0.0936003178,1.0,0.0
u_403abeb56bba,0.1144473404,0.6,0.35
u_0946bd1d2084,0.072084114,0.6,0.35
u_3d9a503d932b,0.0616699681,0.6,0.35
u_7920b9560b2a,0.09339948,0.6,0.35
u_8cd0b80bf79b,0.1260641217,0.0,1.0
u_dfd24c0106f9,0.1119773313,0.6,0.35
u_71a5389c840c,0.0851947218,0.6,0.35
u_515a0e411b7e,0.0358898044,0.6,0.35
u_8784307b3d5d,0.0972134024,0.6,0.35
u_5f5648ba7941,0.0644425005,0.6,0.35
u_b56d6e1e5b98,0.0762001276,0.6,0.35
u_e488b4750e67,0.1062793881,0.6,0.35
u_39e9cf84b00f,0.1171789318,0.6,0.35
u_2aa364a33506,0.1183879748,0.0,1.0
u_5e4bd3114778,0.0990571752,1.0,0.0
u_bb9924132e85,0.1050766259,0.0,0.0
u_a8151bd60237,0.0908395648,0.6,0.35
u_dc5fb6bbd48c,0.1056861579,1.0,0.0
u_75be0c314032,0.0571866371,0.0,0.0
u_c8d32de06fd4,0.1003238559,0.6,0.35
u_53404ec5f889,0.0405144542,0.6,0.35
u_cf73fe00b18d,0.1055398807,0.6,0.35
u_b6e8be440ba9,0.1086367071,0.0,1.0
u_acd28549459c,0.1045092046,1.0,0.0
u_97bb0fd3ac1e,0.0781202465,0.6,0.35
u_6ef5653e61b7,0.109561339,0.6,0.35
u_ef92d0590f37,0.1074301749,1.0,0.0
u_0933b4e3f32f,0.087682724,0.6,0.35
u_88fff0294ffb,0.0945893675,0.6,0.35
u_7f60a390a905,0.1103020012,0.6,0.35
u_40812d21cb2a,0.0973170251,0.6,0.35
u_b823c2a634d2,0.0870733932,0.6,0.35
u_b97c2215272f,0.0234631058,0.0,0.0
u_1db9531b1bea,0.0749573857,1.0,0.0
u_ae6678a65e20,0.0855296254,0.0,1.0
u_56cb2f48b9c1,0.0607558638,0.6,0.35
u_481a011a9ffe,0.0933167934,0.6,0.35
u_fbea02393d07,0.0966449976,0.0,0.0
u_459b4f459c9b,0.0322837606,0.6,0.35
u_9404973e474d,0.1133634672,0.6,0.35
u_3283dd9e0ed8,0.1056993678,0.6,0.35
u_0b744732e65a,0.1161578596,0.6,0.35
u_4ec35965c12f,0.0253506918,0.0,0.0
u_5571bdff9c2a,0.1009823829,0.6,0.35
u_8bfd29efa4ba,0.1139758527,1.0,0.0
u_b0ba2396cd29,0.09320952,0.6,0.35
u_8682fd41e739,0.0558702014,0.6,0.35
u_568d67a4bd2f,0.1116480157,0.6,0.35
u_8424df3a9e43,0.1060551554,1.0,0.0
u_57279c721891,0.0895231888,1.0,0.0
u_15954304201c,0.0786502361,0.6,0.35
u_6c91b20dcc9c,0.1235957965,0.0,0.0
u_aa8daa2cfb93,0.0730119348,0.6,0.35
u_8de3f757d745,0.0853081122,0.0,0.0
u_29c95d6aa7e0,0.0560905784,0.6,0.35
u_2a3f414ecfc3,0.0649595708,1.0,1.0
u_1fae929aac5a,0.115395382,0.6,0.35
u_e68683193e6e,0.1031118855,0.0,0.0
u_68dc28ddcbe7,0.1161369383,0.0,0.0
u_ff93535cb35e,0.0744518191,0.0,0.0
u_213187e5cb8e,0.055610925,0.6,0.35
u_00c5c7f57563,0.0965304002,0.6,0.35
u_710abbf5fddb,0.0644528121,0.0,0.0
u_ef783a0e5e3f,0.069781512,0.6,0.35
u_bf5884b3686a,0.0382500738,0.6,0.35
u_e2e3ae006402,0.0735545754,0.6,0.35
u_9d54d1e0cfb5,0.0547861978,0.6,0.35
u_3328737574c9,0.1050979346,1.0,0.0
u_3e72bcf81af4,0.118953228,1.0,0.0
u_39492634d557,0.029304415,0.6,0.35
u_cce0e82eb883,0.1516440213,0.0,0.0
u_8fdcca70f2e2,0.073985748,0.6,0.35
u_af6ff72d1a52,0.1098947749,0.6,0.35
u_c13bcbfa4d41,0.0414380729,0.6,0.35
u_8d7369f2e86a,0.1117443144,1.0,1.0
u_128da4c97c50,0.0914923623,1.0,1.0
u_f5483691f9d7,0.1011807919,0.6,0.35
u_61a2d9aba3f6,0.1129970253,0.0,0.0
u_2a274669fe82,0.1166138425,1.0,0.0
u_a83035f3e6f5,0.0595085919,0.6,0.35
u_530ab14feb64,0.0608272441,1.0,1.0
u_b1c4c046ac06,0.0974207819,0.6,0.35
u_0c434ad20ef5,0.0167259295,0.6,0.35
u_d970fad1b791,0.1222172827,0.6,0.35
u_a97b76b42336,0.1288698912,1.0,0.0
u_af053b6e1077,0.1264615357,0.0,1.0
u_0d3661d88cff,0.0309922509,0.6,0.35
u_a25b1411bac8,0.0674810633,1.0,0.0
u_add1c0118756,0.0873877332,0.6,0.35
u_95d924f31584,0.1163583696,1.0,0.0
u_599c6209988f,0.081909582,0.6,0.35
u_68f28358aa9c,0.1006624699,0.6,0.35
u_2759f14616e9,0.0351234712,1.0,0.0
u_19804ee706f5,0.0902716964,0.0,1.0
u_b1bcffe3008e,0.0876936316,0.6,0.35
u_1a248eb71e9d,0.0856133774,0.6,0.35
u_48da1244e0a7,0.0752506703,0.6,0.35
u_91a4f4766ce1,0.0711641461,1.0,0.0
u_a7e6a7fb1859,0.0978619307,0.6,0.35
u_c03b5a65e95d,0.1175602973,0.0,1.0
u_00c6e0da89a8,0.1025518253,1.0,1.0
u_0fc415128907,0.0567983091,0.6,0.35
u_8680a80547e0,0.0821619183,0.6,0.35
u_c3ba379a699d,0.1137271821,0.6,0.35
u_09639fa0392d,0.0482211411,0.0,1.0
u_2cd3240b70ac,0.1238574088,0.6,0.35
u_82bd4e0bef29,0.1112349778,0.6,0.35
u_60a71c35fe33,0.1090485007,1.0,1.0
u_6d60f5926bf5,0.0665380135,1.0,0.0
u_4f067f7c6cf9,0.1048140973,1.0,1.0
u_e5a4f05ad179,0.0773467794,1.0,1.0
u_32023a6bffbf,0.0968751609,0.6,0.35
u_0fd9fad3a002,0.0301489756,0.6,0.35
u_7aeb042c0f46,0.1258439273,0.6,0.35
u_00aa925cd66f,0.0340793505,0.6,0.35
u_9bc42772aa2c,0.0769496188,0.6,0.35
u_3368b4691122,0.1043016389,0.6,0.35
u_7b2d6865d96e,0.0427229628,0.6,0.35
u_b723ece1e87e,0.115819104,1.0,0.0
u_4b91fd8c3e13,0.0326137953,0.6,0.35
u_f9753173a811,0.0886875242,1.0,1.0
u_d77458c91973,0.1325789988,0.6,0.35
u_e1230ce58ec3,0.1204941869,0.0,0.0
u_386d8fcafcf4,0.1157579273,0.6,0.35
u_28962537eb70,0.026491994,1.0,0.0
u_daa036f08363,0.0563186295,0.6,0.35
u_d266d11d81f5,0.0727924183,0.6,0.35
u_a6808f52c71a,0.1010200307,0.6,0.35
u_fc592c4dbcd6,0.0219532289,1.0,0.0
u_f7bbd7262028,0.1019845009,0.6,0.35
u_ddc22b14eba4,0.1067676619,1.0,1.0
u_bbc9cd79416e,0.0339545086,0.6,0.35
u_d342ef2092df,0.1018571854,0.0,1.0
u_743b3d887e7e,0.1155610308,1.0,1.0
u_5de5457e4d63,0.0742530599,0.6,0.35
u_19cae984d713,0.1092830449,1.0,0.0
u_5d28ce2db0cc,0.0525134653,0.6,0.35
u_e50481992b60,0.1217279211,0.6,0.35
u_86c03d0a3fcf,0.0867352188,0.6,0.35
u_f3a681390cf7,0.1003462449,1.0,1.0
u_7de6e0e0d18e,0.0948162228,0.6,0.35
u_bef0e00a40d1,0.1013167873,0.0,0.0
u_2afedaaaa355,0.096719861,0.6,0.35
u_862b5b894d8a,0.0968917459,0.6,0.35
u_e0e50aa59113,0.0836637095,0.6,0.35
u_92f23328ec95,0.0725507736,0.6,0.35
u_e012be50fa51,0.0453989096,0.6,0.35
u_71b9de40c6fc,0.0273921043,0.6,0.35
u_9edb9009ae87,0.1294105351,0.6,0.35
u_fbf8a69d7a2a,0.0950991809,1.0,0.0
u_b57b8aea259d,0.1133807153,0.6,0.35
u_7a279597d662,0.0830687806,1.0,1.0
u_e3cbd2bd161e,0.0422694944,0.6,0.35
u_6214daa59686,0.080438219,0.6,0.35
u_884c27e03a49,0.1035014838,0.6,0.35
u_429a8e51bc17,0.0519096293,1.0,1.0
u_370bf5282aee,0.0306555182,0.6,0.35
u_44e8fbdedc1b,0.0299125984,0.6,0.35
u_21c69930e9c2,0.0606764406,0.6,0.35
u_ee2f6e6b9688,0.1071211249,0.6,0.35
u_e862973ad943,0.1209146976,0.6,0.35
u_a19865b186f8,0.1120723337,0.6,0.35
u_c41f89f3a94f,0.0547705144,0.0,0.0
u_86b4083b769f,0.0174767673,0.6,0.35
u_c778aa0afc46,0.093484059,1.0,0.0
u_ddac5636a797,0.1104149595,0.6,0.35
u_9dde394ae029,0.0740336627,0.6,0.35
u_4630985696bf,0.0956957787,0.0,1.0
u_063be2212f81,0.0996977463,0.6,0.35
u_178ff5448dfa,0.060426943,0.6,0.35
u_0de8a260e57b,0.020510789,1.0,1.0
u_10c9dfeba568,0.1132159308,0.6,0.35
u_e0e9f268d82d,0.07616207,0.6,0.35
u_768b16cad8d1,0.1157557964,0.6,0.35
u_c0cd34255a51,0.0846589804,0.6,0.35
u_6cb9b20e784f,0.0242627412,0.6,0.35
u_fc61cceb3fb8,0.1137883514,0.0,1.0
u_8c5d76c0b7b4,0.1403717399,1.0,1.0
u_a96c6276b3f1,0.0344530642,0.6,0.35
u_07f7a095cf2c,0.1273868084,1.0,0.0
u_0a0dd36f6bb8,0.0304517578,0.6,0.35
u_ab697dbb766b,0.0460129976,0.6,0.35
u_3db6f7fbe07d,0.1069336981,1.0,0.0
u_29bf4062b583,0.0946520865,0.6,0.35
u_340c2d0782f1,0.1015389487,0.0,0.0
u_127cd1be8936,0.1055037603,0.0,1.0
u_59fcd49c0cc7,0.1212386936,1.0,0.0
u_418809043969,0.098124437,0.6,0.35
u_87f8164a0a69,0.0506530553,0.6,0.35
u_745e961f0ac1,0.0963412374,1.0,0.0
u_2fdd9e82de91,0.0412382074,0.6,0.35
u_0ab24366438e,0.0886164084,0.6,0.35
u_407426781d0b,0.0910646021,0.6,0.35
u_d84a3c612224,0.0663850531,1.0,0.0
u_e5187cfd1ef6,0.1075573415,0.0,0.0
u_258eec43f5da,0.1079105884,0.6,0.35
u_5b05b5ad6090,0.0238145571,0.6,0.35
u_d83ff9d11101,0.1253894866,1.0,1.0
u_8bcbed7a1feb,0.0447283126,0.6,0.35
u_b70a65bc0536,0.0652363449,0.6,0.35
u_78a912b35570,0.0970607251,0.6,0.35
u_c8fc2a2b1039,0.0697661936,0.6,0.35
u_5181a8f2e9ad,0.1312734634,1.0,0.0
u_32546454d3af,0.101088658,1.0,0.0
u_4bf31b929fe8,0.0957834572,0.6,0.35
u_f9187b9ac2a9,0.1017609835,0.0,1.0
u_dfa87df0d5da,0.1231422797,1.0,0.0
u_085722976e22,0.090198949,0.6,0.35
u_3ad3636fb568,0.0393407308,0.6,0.35
u_932ab61dbc62,0.0278509241,0.6,0.35
u_10f97a09a723,0.1034623086,0.6,0.35
u_30ec9e8b7fb9,0.1138159335,0.6,0.35
u_0e5f9b894d23,0.032653261,0.6,0.35
u_a8aa3a18e5b2,0.0648705587,0.6,0.35
u_5dad2c7f644d,0.0491093881,0.0,0.0
u_a35a7deb5d83,0.0862911046,1.0,1.0
u_d5bda95886c0,0.122314781,0.0,0.0
u_6835005270b5,0.0922113881,0.6,0.35
u_d9d8b05df4a9,0.1048637331,1.0,0.0
u_ef0789fa1a18,0.1066441461,1.0,0.0
u_bbbbe2918daa,0.023109749,0.6,0.35
u_ebc58a83c2b0,0.1132403761,1.0,0.0
u_def6a07b3ae1,0.0442958549,0.0,0.0
u_ba2aee02d6c5,0.0965184867,0.0,1.0
u_04089202340a,0.1248191446,0.6,0.35
u_8d9f1b57ae51,0.0518238321,1.0,0.0
u_57b8e92f311a,0.0670507103,0.6,0.35
u_2f0466567766,0.0512798615,1.0,1.0
u_2505fc276713,0.0351463035,0.6,0.35
u_fdd927c25f18,0.1235771477,0.0,1.0
u_46ec8cce6151,0.0950238034,0.6,0.35
u_1cf28682da0c,0.0988526046,0.0,0.0
u_8986a73e9e14,0.0754325837,0.6,0.35
u_9d5b27a2bbaa,0.0891977251,0.6,0.35
u_fbf0997a4db4,0.1194870919,0.6,0.35
u_83608f312636,0.0957094878,1.0,1.0
u_8dee6aa6dd9e,0.0868657008,0.6,0.35
u_d1fa192af06e,0.03738603,0.0,0.0
u_2df91cdc7909,0.1095463037,0.0,0.0
u_4bf2ccc365d0,0.0351494476,0.6,0.35
u_562a571712f6,0.079585053,0.6,0.35
u_593c75f722a6,0.0467725582,0.6,0.35
u_4262da883c2c,0.0697838962,0.6,0.35
u_63b5987d73d0,0.0364512466,0.6,0.35
u_4ddd20e5d92c,0.1243752241,0.6,0.35
u_cd82c80f592b,0.0314366743,0.6,0.35
u_07b8a3403dc2,0.0576682463,0.6,0.35
u_fdffc7dbb799,0.1069090962,0.0,0.0
u_127d51ece3e6,0.0796034858,1.0,0.0
u_856624cd0908,0.0917502493,0.6,0.35
u_727fe1cc1c71,0.1263638437,0.6,0.35
u_8f3beba02c32,0.0582816452,0.6,0.35
u_602116f9974a,0.1171230674,1.0,0.0
u_db408fe65c66,0.1075870842,0.6,0.35
u_733583465ab8,0.0839680806,0.6,0.35
u_8ebe5af1a614,0.0580234937,0.6,0.35
u_04f5f9356987,0.0745622814,1.0,0.0
u_846ba1fe35b7,0.0620978214,0.6,0.35
u_825e123e0a2a,0.1147701517,0.6,0.35
u_6e1b1bfaecbf,0.0574944019,0.6,0.35
u_9d8550d8cd53,0.1228404343,0.6,0.35
u_484f34da6015,0.1091382802,0.0,0.0
u_b003b33e0f94,0.0897694454,0.6,0.35
u_d01581c24e32,0.0432920605,0.0,1.0
u_78250c5012de,0.0992622077,0.0,0.0
u_05e4ae3c18ec,0.0282836612,0.0,1.0
u_6e7e0ce0dd35,0.097455278,0.6,0.35
u_08cc72d27fdb,0.071528241,0.0,0.0
u_e561692ffc35,0.0919279456,0.0,1.0
u_c2af65260da3,0.1040894985,0.6,0.35
u_f8663b8bc944,0.1285538524,1.0,1.0
u_f33b14ef5954,0.0995839462,0.6,0.35
u_0fb5f2611d64,0.0255421121,0.0,0.0
u_7546427770d0,0.0977089256,0.6,0.35
u_1aa375490044,0.0968751609,0.0,0.0
u_7856c38e4725,0.0766339973,0.6,0.35
u_be71927b7008,0.1036537141,0.6,0.35
u_ae5f3211d9a8,0.0987471491,1.0,1.0
u_adf899546bff,0.0879231542,0.6,0.35
u_284d2c72be8a,0.0663271174,0.0,1.0
u_0e71a46afbf6,0.1200556308,0.0,1.0
u_78016fdbad55,0.0690573305,0.6,0.35
u_ebe203e00197,0.0905536637,0.6,0.35
u_7e5d172a11dc,0.10953971,0.6,0.35
u_4a294be05996,0.0890516937,1.0,0.0
u_06f774669a77,0.1229438037,0.6,0.35
u_dd435e09bc04,0.0921348333,0.6,0.35
u_29e3653fda7a,0.0951269269,1.0,1.0
u_67d659a1ea6e,0.0362000316,0.6,0.35
u_6d4d1bcdcc58,0.0650589541,0.6,0.35
u_a255a749805d,0.0869030952,0.6,0.35
u_298c4092fc9a,0.0923745558,0.6,0.35
u_74b5785033dc,0.0428765155,0.6,0.35
u_5e9586ab977f,0.1016136855,0.0,1.0
u_6270116ea03e,0.0477691889,0.6,0.35
u_e6b529e0e4a7,0.0272540096,0.6,0.35
u_a710651c9ade,0.1004548222,0.6,0.35
u_70de61cb48f9,0.0558527038,0.6,0.35
u_f52675fd1e14,0.0761416331,0.6,0.35
u_d3657ba0997b,0.092816107,0.6,0.35
u_e5fe82e1231e,0.1064492092,0.0,0.0
u_e8a660b1e8fb,0.0845808834,1.0,0.0
u_9d94a8d413e3,0.0609408468,0.6,0.35
u_973d5fbec8d8,0.0597195439,0.0,1.0
u_4b0cd49c748e,0.0556168407,0.6,0.35
u_a9b4640546a3,0.0808703005,0.0,0.0
u_0729cc55abd2,0.0621261671,0.6,0.35
u_e9b9fe13689e,0.1115814447,1.0,1.0
u_f886d6e50b1e,0.1119212359,0.6,0.35
u_8bccc8958136,0.0259530395,0.6,0.35
u_8a2c99f3343b,0.0952711254,0.6,0.35
u_49cd4a7d6b4a,0.0985841751,1.0,0.0
u_f0f9fa28552f,0.0891067088,0.6,0.35
u_404861103ccd,0.1072200835,0.0,0.0
u_f0c82eac5bdd,0.0798647776,1.0,1.0
u_901f8912056e,0.1129400209,1.0,1.0
u_c88258ae7ad1,0.082034722,0.6,0.35
u_801139a64ee5,0.0682004169,0.6,0.35
u_f29cd6b2b118,0.1017257273,0.0,0.0
u_473fcdb875d1,0.0771153942,0.6,0.35
u_1e92824fe001,0.07925006,0.6,0.35
u_7046e27566e8,0.1168026105,1.0,1.0
u_95d57951a516,0.0884017944,0.6,0.35
u_a444a63d440e,0.052717369,0.6,0.35
u_690f66555799,0.084267281,0.6,0.35
u_be3afb98f4d0,0.0667074919,1.0,0.0
u_b9cc7607fd9e,0.0891701877,0.6,0.35
u_2d60b6e68408,0.0736773014,0.6,0.35
u_4cee0ce60f91,0.0676954985,0.6,0.35
u_fefdd020ad77,0.083670646,0.0,1.0
u_aa5d3ac7afba,0.0992317721,0.6,0.35
u_383154e90ae9,0.0187403746,1.0,1.0
u_6f5866a35912,0.052368179,1.0,1.0
u_da4ee5aa4bb8,0.1083411276,0.6,0.35
u_ab0011888ded,0.1112889573,0.6,0.35
u_5fd7d1767e31,0.0996882617,0.6,0.35
u_dbce80dd08e7,0.1023579314,0.0,1.0
u_c4975f778538,0.101755254,1.0,0.0
u_b1a54bf88d76,0.0317430347,0.6,0.35
u_95e5f64100db,0.0776085556,0.0,1.0
u_38ea99738501,0.1030625254,0.6,0.35
u_f7e147fd215b,0.0904459879,1.0,0.0
u_1f5871bc513d,0.0878187791,0.0,0.0
u_faa73eaf97fc,0.087648496,0.0,0.0
u_90f03cab80c1,0.1011601835,1.0,1.0
u_749592402089,0.1011870205,0.6,0.35
u_06e1efb16688,0.0481665581,0.6,0.35
u_d0c8191d74b9,0.1081304923,0.6,0.35
u_a64ff0e5a696,0.1191583946,0.6,0.35
u_7a8ac29ee955,0.0683076382,0.6,0.35
u_a37bd17fd774,0.0334053561,0.6,0.35
u_9630a7b281cd,0.0329255201,0.0,0.0
u_ead336dc069c,0.1087557301,0.6,0.35
u_e5dca12bc866,0.061878413,0.6,0.35
u_b2f1d45cc555,0.05505706,1.0,1.0
u_8bbfe33e3b0c,0.0848421529,0.6,0.35
u_956073b79b51,0.119497776,0.6,0.35
u_e1749b1cad9d,0.0287392698,1.0,1.0
u_21e35b7ac8f0,0.0853375047,1.0,1.0
u_43131c0d9219,0.0612703934,0.0,0.0
u_ede9d03273bf,0.0184713807,0.6,0.35
u_aa6d6a089b91,0.0365812741,0.6,0.35
u_3c7e718d5829,0.047495544,0.6,0.35
u_28fcf70bef92,0.1123696566,1.0,0.0
u_9773529a8267,0.0939141586,0.6,0.35
u_cae38ff015e6,0.1136086881,0.6,0.35
u_b11369d6e70e,0.1091398746,0.6,0.35
u_45a0444cfa99,0.1112124398,0.0,1.0
u_9dbfa0130f01,0.112180382,0.6,0.35
u_45628e43596e,0.0190348495,0.6,0.35
u_9abed1d0310a,0.0545190237,1.0,0.0
u_bb02946af3b5,0.0818458945,0.6,0.35
u_e7ea1b707ca6,0.0894686654,1.0,1.0
u_d5e9b0c641b4,0.0904554799,0.6,0.35
u_7b0a42b3952e,0.1088093296,0.6,0.35
u_c5f5261671b8,0.08652547,1.0,0.0
u_50f4d9e50f4e,0.062133193,1.0,1.0
u_b0d7c636b1b4,0.11394611,0.6,0.35
u_d24464a8de19,0.0645747483,0.6,0.35
u_0df5335bf80d,0.063618131,0.6,0.35
u_d44d0561bebc,0.0495035164,0.6,0.35
u_28a46ac060c6,0.0961100385,0.6,0.35
u_f5abc1adf486,0.091456838,0.6,0.35
u_8d05bebf5a92,0.1006488353,1.0,0.0
u_9253feb578ec,0.0558969192,1.0,0.0
u_cf9c89447dd7,0.1113191098,0.6,0.35
u_cd9747f5ff02,0.111194849,1.0,0.0
u_c2b752ee4aeb,0.0691502243,1.0,1.0
u_0f67a0215cba,0.1056996658,0.0,0.0
u_6182f00916d4,0.112431556,0.6,0.35
u_3846bf1ca1f7,0.0968392789,0.6,0.35
u_023a510ed047,0.0315567814,0.6,0.35
u_1c2cb93abdf2,0.11112611,0.6,0.35
u_67955f15fc27,0.0973489061,1.0,1.0
u_621f361bdb0a,0.1158946753,1.0,0.0
u_1f003bc88f3e,0.0873975381,0.6,0.35
u_2b997eb09be1,0.0909946859,1.0,1.0
u_93f4f0e6f2c4,0.0799329281,0.6,0.35
u_7d4a1bc1b90c,0.0817782059,0.6,0.35
u_a9065bdb46b2,0.0931065977,0.6,0.35
u_dbb2bebe85a2,0.0620098896,0.6,0.35
u_ec6b24766d89,0.0433407538,0.0,0.0
u_85bc6e07f49e,0.044041045,0.6,0.35
u_541440ddc5c6,0.0663763732,0.6,0.35
u_927636c53719,0.077805154,0.6,0.35
u_74682e1011c4,0.0145277698,1.0,0.0
u_7c4d9f55faaf,0.0475769043,0.6,0.35
u_9d94aec49a92,0.1027572304,0.0,0.0
u_da0e45cb7b21,0.0588603616,1.0,1.0
u_62f9d972ba5c,0.0924472064,0.0,1.0
u_52b91d8e71bf,0.1003098115,1.0,0.0
u_6615a01f4143,0.0918303803,0.6,0.35
u_b1612aeb7641,0.1115159765,0.0,1.0
u_504844976454,0.0389944017,0.6,0.35
u_df317740a905,0.0563099012,0.0,0.0
u_e69a5e43cb92,0.0279614311,0.6,0.35
u_f719d4811550,0.0263979286,0.6,0.35
u_7a93e516ab1a,0.0988805294,0.6,0.35
u_1d8fc7e24951,0.1053127572,0.6,0.35
u_b1c53003cd18,0.1070277616,1.0,1.0
u_396b8f829c26,0.1066087186,0.0,0.0
u_e25efe9cea77,0.1104382128,0.6,0.35
u_ebf62d03351a,0.0939293802,0.6,0.35
u_862d60d85205,0.0765181184,0.6,0.35
u_a86c1cd3871e,0.1199315041,0.6,0.35
u_4ead98c3344b,0.0929868221,0.6,0.35
u_e778be9c08a0,0.0635941625,0.6,0.35
u_a656ba4d391f,0.1241448745,0.6,0.35
u_b9f1be068fae,0.1026751623,0.6,0.35
u_43db8c9a398a,0.0995475799,1.0,1.0
u_73a7604d5fbe,0.0264377631,0.6,0.35
u_8bf72979495f,0.0667956918,0.6,0.35
u_ebb8846c3102,0.0768351331,0.0,1.0
u_a2cd9248cb57,0.0374191292,0.0,0.0
u_86de5156f114,0.1164622605,0.6,0.35
u_655a1206ee5a,0.1068051532,0.6,0.35
u_bcbb93f17ee6,0.0697071254,0.6,0.35
u_cbd1f8ebf14a,0.0354149379,0.6,0.35
u_ff5a09e4c2d8,0.0446017534,0.6,0.35
u_ece1fe45e144,0.1085879505,0.6,0.35
u_bb16a2d40fb9,0.0641246364,0.6,0.35
u_ae5ebf93fac6,0.1091106459,0.6,0.35
u_d14b208edbd8,0.1071116626,1.0,1.0
u_06fb2bc5e768,0.0956844315,0.0,1.0
u_eff01ac1402f,0.0699371994,0.0,0.0
u_a78b395f4a47,0.0216906182,1.0,1.0
u_d60b890246e3,0.1240831241,0.0,0.0
u_0e74fb6a6c6c,0.0975540876,1.0,0.0
u_76cb0b9494d1,0.0954231471,1.0,0.0
u_cc07600ffaa4,0.0898845643,0.6,0.35
u_ab7e523761de,0.0966246724,1.0,0.0
u_40bbe4b673d3,0.1230076477,1.0,1.0
u_9367a93bb9ba,0.1299040467,0.0,0.0
u_d5afbf756bf4,0.0876596421,1.0,0.0
u_4d193399b3a8,0.0889085457,0.6,0.35
u_d0452efcae12,0.0936011598,0.6,0.35
u_5d27ed22f212,0.1135944426,1.0,1.0
u_836140241fe7,0.0358883664,0.6,0.35
u_5903d3d652fc,0.0881783366,0.0,0.0
u_09917979a1af,0.1125283241,1.0,0.0
u_1f01934197e4,0.0279836673,0.6,0.35
u_8c48b3501b12,0.0299929939,1.0,0.0
u_9b6edc20f688,0.0621872991,0.6,0.35
u_ba1cb9f6285a,0.1254756153,1.0,0.0
u_72102d0db3f9,0.0862205327,1.0,0.0
u_58db53b22120,0.0767228454,0.6,0.35
u_03af58ac8923,0.0658180416,0.6,0.35
u_92bc381d4a88,0.1160924584,0.0,0.0
u_73e1d5ab4bcd,0.0617106929,0.6,0.35
u_b167c769a4b3,0.0321060829,0.6,0.35
u_f34d05cd99b2,0.0895097479,1.0,0.0
u_a8a98f8c1dad,0.0984415337,0.6,0.35
u_7822cfad9f50,0.0909945443,0.6,0.35
u_36aa5219ee1f,0.1127863973,1.0,0.0
u_fa0da8592eaa,0.0978700593,0.0,0.0
u_7050a4331a79,0.0528643727,0.6,0.35
u_23ebaad9a68d,0.0683507919,0.6,0.35
u_38b79ffdbf1e,0.0977916121,0.6,0.35
u_184cac6d1e10,0.1068275198,0.6,0.35
u_5d8874c502d8,0.0887265354,0.6,0.35
u_f25f2fb2b76a,0.102130495,0.6,0.35
u_6e485043feaa,0.1025819182,0.6,0.35
u_df657b40ece2,0.0695475936,0.6,0.35
u_3ec3d716e876,0.1028089449,0.6,0.35
u_265e7ffda1b0,0.1015003845,1.0,0.0
u_07061437a35e,0.0821016878,0.6,0.35
u_a4b1ccdc3322,0.0826042518,0.0,1.0
u_2b0d4f3a8c5d,0.0756673068,0.6,0.35
u_48d475c44ab2,0.1330836862,1.0,0.0
u_b8fa9eff1e41,0.0831730366,0.6,0.35
u_5d195b076160,0.0366926715,0.6,0.35
u_1d5e9e0fca2e,0.1036290675,0.0,1.0
u_c962281d8427,0.0910888016,0.6,0.35
u_126a93c202e3,0.1069796234,1.0,1.0
u_adbc17ade650,0.1065367311,0.0,0.0
u_9ddae01bb9c7,0.0847107992,0.6,0.35
u_e5dcd849676b,0.0807868838,0.0,0.0
u_a29c58a3deec,0.0851943791,0.6,0.35
u_e4824c511258,0.0385628901,0.6,0.35
u_38a10fa64226,0.0919755548,0.6,0.35
u_2dfe948e6019,0.040393576,1.0,1.0
u_860e7490b0ce,0.0827032626,0.6,0.35
u_af6a41320b22,0.0993849635,0.6,0.35
u_b2795f44242c,0.1001260728,0.6,0.35
u_985e4035ffed,0.0783245638,1.0,0.0
u_0ea93b311543,0.0487020761,0.6,0.35
u_8380c2bcf041,0.0384097993,0.6,0.35
u_70965618f8b9,0.0957602561,0.6,0.35
u_8184ce104b26,0.0772105902,1.0,1.0
u_8cb24f817c6a,0.0308902096,0.6,0.35
u_a9e6e04ff714,0.087467283,1.0,1.0
u_41e627aeda89,0.112928696,0.6,0.35
u_d6c4833477eb,0.097303018,0.6,0.35
u_272424aaf391,0.0854588747,0.6,0.35
u_c28376e8a98c,0.0568802357,0.0,0.0
u_98a0330bd583,0.0991345122,1.0,1.0
u_b5910c1672a5,0.0376729146,0.6,0.35
u_2ca1da1aebf3,0.0757935643,0.6,0.35
u_9505cbbb6ab0,0.0793078318,0.6,0.35
u_34e84c3ab25c,0.1016789302,0.0,0.0
u_b087c1185885,0.0450552925,0.6,0.35
u_bca9be96df73,0.0550116748,0.6,0.35
u_ea1f4e98a599,0.0561952554,0.6,0.35
u_971ba5a8950e,0.0715595782,0.0,0.0
u_a089479776f4,0.1133608595,0.6,0.35
u_19679650b522,0.0743094832,0.0,0.0
u_e888e72d9b2f,0.1065993011,0.0,1.0
u_ad835d000541,0.0801753849,0.6,0.35
u_d922eca681ae,0.1062681824,0.6,0.35
u_43f0be031498,0.1076944917,0.0,1.0
u_813dd371bb7b,0.0460785553,0.6,0.35
u_4b6271781733,0.1142086908,1.0,0.0
u_330ad569e42c,0.0344420336,0.0,0.0
u_930a4680e50c,0.1138636768,1.0,0.0
u_9917be1f7121,0.0907727033,0.6,0.35
u_58c710522c04,0.100466907,1.0,0.0
u_04f345176534,0.0640131757,0.6,0.35
u_de2d1d31f5ee,0.1045951024,0.6,0.35
u_c3b2792ba646,0.0933231115,1.0,0.0
u_aa64a6a49a15,0.0757888407,0.0,0.0
u_dd16020a0275,0.0614019334,0.6,0.35
u_65d8be2b2f39,0.101051949,1.0,1.0
u_cc28a5ac9540,0.0951544493,0.6,0.35
u_5aaab350a118,0.0942890272,0.6,0.35
u_1af79ec0ad74,0.0991697237,1.0,0.0
u_bbd37f67e37f,0.0527687222,0.6,0.35
u_dff5253f1f04,0.0365652442,0.6,0.35
u_4ea98abdf15d,0.016253043,0.0,0.0
u_a1da01c3264f,0.1023595482,1.0,1.0
u_0cc6650043d1,0.1187801883,0.0,0.0
u_0ca2153f25cc,0.026721403,0.6,0.35
u_b26ef316e7cd,0.0869419351,0.6,0.35
u_ac0eed73d8d1,0.0281946026,1.0,0.0
u_d2050235a25b,0.09706828,1.0,1.0
u_d08cfa5693cf,0.0371080711,0.6,0.35
u_0fa0b8a5c47c,0.1017250344,0.6,0.35
u_d0cf5f514bc3,0.0906369835,1.0,1.0
u_65b52f7a8fcf,0.0318219624,0.6,0.35
u_4f6167ee9bcd,0.0723950267,0.6,0.35
u_8d7a704ac1b2,0.1004901677,1.0,0.0
u_e3c5acbd0c90,0.0974204466,0.0,1.0
u_a3f234ced703,0.069750376,1.0,1.0
u_0c0d63e7399b,0.0948088616,1.0,0.0
u_f04e71313c99,0.0832578614,0.6,0.35
u_ce30de9b8c36,0.1164219454,0.6,0.35
u_bd6f4c3b8cb1,0.1065915674,1.0,1.0
u_b9497d11749f,0.0996467695,0.0,1.0
u_6619e0da08e9,0.0758206099,0.6,0.35
u_6f725d509fbb,0.0453691073,0.6,0.35
u_6886bceac382,0.0614955463,0.6,0.35
u_52d1e5984496,0.0465766266,0.6,0.35
u_fb8f5331fd2f,0.1189492643,0.6,0.35
u_4ddb973b3997,0.074325107,0.0,0.0
u_7597fd16c353,0.1069793105,0.6,0.35
u_10ab76ba191a,0.0484017879,0.6,0.35
u_8a2c705da586,0.0958025977,1.0,0.0
u_bda1cc3ee70b,0.0829214603,0.6,0.35
u_9b302294125b,0.0999997407,0.6,0.35
u_014d4f0a0a01,0.0988302603,1.0,1.0
u_da9ac5062dfe,0.0858685374,0.6,0.35
u_d9a19708d2cd,0.0997302681,0.6,0.35
u_a22e29513dbb,0.0870262161,0.6,0.35
u_efff160f6825,0.1272225678,0.6,0.35
u_d0ffd1022ed3,0.103669934,1.0,1.0
u_b9978f5cd070,0.1261605322,0.6,0.35
u_707d4b07ff10,0.0667859167,0.6,0.35
u_0df1973543a1,0.054059919,0.6,0.35
u_e09c06db0032,0.0369880684,0.6,0.35
u_d851d4c71269,0.0677193552,1.0,1.0
u_5f947b0ed06d,0.0355285965,0.6,0.35
u_30aa5d6ddb3e,0.097410515,0.6,0.35
u_c50190165cbf,0.1164728701,0.6,0.35
u_9a0b40178890,0.0861555785,1.0,0.0
u_349e21147be4,0.1070915461,0.0,1.0
u_e6def932403c,0.1184244677,0.6,0.35
u_d5fe764d1b43,0.1237888485,0.0,1.0
u_935863d8861c,0.0597610995,0.6,0.35
u_9faae63a7777,0.0996801257,0.0,1.0
u_c58290ce6e7e,0.062606439,0.6,0.35
u_9ff048e0c0cc,0.1009416431,0.6,0.35
u_a9d4d4a13da5,0.1270631701,1.0,1.0
u_92656eaa7f8c,0.0372751243,1.0,0.0
u_170832684eb7,0.1306690276,1.0,0.0
u_b9f1da897c49,0.114749521,1.0,1.0
u_641166dcf919,0.0931900591,0.6,0.35
u_eaada6532457,0.0984735936,0.6,0.35
u_a67fabd542d8,0.0356332026,1.0,1.0
u_92297cb056b8,0.100555867,0.6,0.35
u_6cdfba7656ed,0.0489383042,1.0,0.0
u_53b723cf3865,0.1015137285,0.6,0.35
u_be9e69809f61,0.0871752948,1.0,1.0
u_bfce8eb57159,0.1006518826,0.6,0.35
u_b46725369575,0.1094379276,0.6,0.35
u_1531c0a0be1a,0.0984015539,1.0,0.0
u_6e7ad7ff729e,0.0189739261,0.6,0.35
u_5c6896394135,0.0419566818,0.6,0.35
u_c2177b8fae94,0.0895267278,0.6,0.35
u_efb01905af5d,0.0587761551,0.6,0.35
u_ce686b860672,0.0242923275,0.6,0.35
u_f15f89d1267c,0.0950133502,0.6,0.35
u_0afc53e57dd9,0.0617281795,0.6,0.35
u_799d5ccc0640,0.1224346459,0.6,0.35
u_8161f425e6c8,0.0686354935,1.0,1.0
u_fbab74d43f87,0.0820632726,0.0,1.0
u_2f0ec7412d66,0.1320154071,0.6,0.35
u_4a56ba0626d6,0.0549445003,1.0,1.0
u_7a9c73c69bae,0.1242753863,0.0,0.0
u_ca378f6ffc62,0.0900233462,0.6,0.35
u_886d5bc05948,0.0977391899,0.6,0.35
u_c80111d85acd,0.1235579923,0.6,0.35
u_e9aaa9bb0052,0.0957231522,0.0,1.0
u_8ee7fb981d3f,0.032498315,0.6,0.35
u_fde702e06485,0.0988747329,0.0,0.0
u_fa486319682d,0.0993916616,1.0,0.0
u_216edcd7542a,0.0197506528,0.0,0.0
u_e345732ff997,0.0948901623,0.6,0.35
u_8c3c4931d187,0.0173979886,0.6,0.35
u_d22a65d9c973,0.1020088494,0.6,0.35
u_b3b67ad6662a,0.1309905648,0.0,0.0
u_c759afee5188,0.0707443804,0.6,0.35
u_764c3a8f8308,0.0857035816,0.6,0.35
u_b8d1d4cce924,0.0946909487,0.6,0.35
u_a412a9c8768e,0.0437867604,0.6,0.35
u_0f4d44f30208,0.0830818564,0.6,0.35
u_da4bcf4bd005,0.113079533,0.6,0.35
u_e5fa3efef6c5,0.0659998804,0.6,0.35
u_e025a2ee6330,0.0844781697,0.6,0.35
u_ef16cbf79e93,0.0964119211,1.0,0.0
u_e5cddd487f1c,0.0964088291,0.6,0.35
u_22036042024a,0.1059575677,0.0,0.0
u_3956d7d077c8,0.1064485312,0.0,0.0
u_f1cd9403585f,0.1086363569,0.6,0.35
u_39af8562a05b,0.0225903727,0.6,0.35
u_eea391a53788,0.0930831134,0.6,0.35
u_83dbfee64fc7,0.0199982766,0.6,0.35
u_016d4c6eb55f,0.0939544737,0.6,0.35
u_5c00fbcf0b02,0.1073913872,0.0,0.0
u_0729704ed76f,0.0999742597,0.6,0.35
u_a4db544eb305,0.0322575383,0.0,0.0
u_0b2ccd76483e,0.0743556172,0.6,0.35
u_cb30f4ff76eb,0.1259629726,1.0,1.0
u_8c68583aa04e,0.0912652835,0.6,0.35
u_db08a33ef6da,0.0366316363,0.6,0.35
u_528c415ff837,0.0456899479,0.6,0.35
u_aa5b7054fa28,0.0829509497,0.6,0.35
u_0cf220c513fb,0.0961183235,0.6,0.35
u_f0606e11a3e9,0.0986539125,0.0,0.0
u_b3648e11582a,0.0990337133,0.6,0.35
u_a316e465bc91,0.025095135,0.6,0.35
u_acf6df9d22e7,0.072505042,0.6,0.35
u_d84dfe5223d8,0.0846778005,0.6,0.35
u_e508c6d9bd98,0.0426967666,1.0,0.0
u_4c0e1ae23da0,0.1112097651,0.0,1.0
u_4d94eb9631f7,0.0644508153,0.6,0.35
u_2bd549be0132,0.1068860441,0.0,1.0
u_96dac1c992d0,0.0532054976,0.6,0.35
u_ddd6aba372f9,0.0379953459,0.6,0.35
u_f3bbb32e468f,0.0670458972,0.6,0.35
u_c7019159dfd7,0.0687011257,0.6,0.35
u_74d63f086fc4,0.0771630853,0.6,0.35
u_0cab513aab1b,0.0999524891,0.6,0.35
u_ca734803c111,0.0292895008,0.6,0.35
u_07e393d5e9f4,0.1238950118,1.0,0.0
u_024885bb936d,0.0232974347,1.0,0.0
u_5b18fe08554a,0.1043651104,0.6,0.35
u_bc609804f0ca,0.0321287811,0.6,0.35
u_27da289a4738,0.0660081208,0.6,0.35
u_bb84eba17da5,0.1087587103,1.0,1.0
u_9f3cdf8acc97,0.0595430955,0.0,1.0
u_ec7b46f53221,0.0571112633,0.6,0.35
u_d4b7a1e961c4,0.0835049748,0.6,0.35
u_76911fd64774,0.1108228415,1.0,0.0
u_9b8445a6167e,0.0456163064,0.6,0.35
u_cfa3f4a42234,0.112835139,0.0,1.0
u_d40780b4cc1f,0.1064588577,0.6,0.35
u_0fdd591b65f5,0.0471954606,0.0,1.0
u_8f38ac0eb1e5,0.0931881368,0.6,0.35
u_f210a9ef4441,0.0768293589,0.6,0.35
u_f96b1c8b62bb,0.1157366484,0.6,0.35
u_012ea6599674,0.1251341105,0.6,0.35
u_99acb9e85030,0.0669777691,0.6,0.35
u_440e06eb62dc,0.0857092142,0.6,0.35
u_ab0d6769ed42,0.083746016,0.6,0.35
u_768cccaa1d4b,0.0848812237,1.0,1.0
u_8f9cce58b6d7,0.0594165847,0.6,0.35
u_e8f55fd36b61,0.1011760235,0.6,0.35
u_8e0c6fd47a71,0.1095151603,0.6,0.35
u_490535433329,0.0703039542,1.0,0.0
u_b5f7cf10427c,0.0979736149,0.6,0.35
u_def009a57be9,0.05928858,0.0,0.0
u_9329bfaa794d,0.097039558,0.0,0.0
u_4dea9423987c,0.1308884025,0.0,1.0
u_d0408c28c06b,0.0763002336,0.6,0.35
u_5f60207df1e5,0.0630448535,0.6,0.35
u_6fc583336035,0.0714812577,0.6,0.35
u_cbc0a7355ad7,0.1049697399,0.6,0.35
u_42d15c7c6bae,0.126565814,1.0,1.0
u_d2bc3c8f7716,0.0521090776,0.6,0.35
u_a39cbdc4ebcc,0.0838485509,1.0,1.0
u_3561e5ca0cfc,0.0603644699,0.6,0.35
u_5dc9cad71897,0.1159978509,0.0,0.0
u_347a7a8ce87a,0.0909739733,1.0,0.0
u_b9ba7df469f0,0.1004517749,0.6,0.35
u_d306ada33d63,0.0225726515,0.6,0.35
u_78f8d600fa05,0.0744712353,1.0,1.0
u_08828efecd7d,0.0793134719,1.0,0.0
u_75ff131892d3,0.0841248631,0.6,0.35
u_c30a9e368849,0.0384453684,0.6,0.35
u_d762b885c40b,0.1090326756,0.6,0.35
u_3a5154657664,0.0434181765,0.6,0.35
u_6003839ca75c,0.0342319757,1.0,1.0
u_e33e439b0318,0.1129915938,0.6,0.35
u_fb85535965ba,0.0935580581,0.0,1.0
u_c7d79898aef5,0.0791545957,1.0,0.0
u_8fb9b9d0d389,0.1206458732,1.0,1.0
u_557334faf6a8,0.1082745492,0.0,0.0
u_f68b181f0260,0.1052424386,0.6,0.35
u_63ff71c0b2bc,0.0904962793,0.6,0.35
u_afe7db4755f7,0.075796999,0.6,0.35
u_e53b24436c6e,0.0236532614,1.0,0.0
u_0a34c05fbbef,0.1098317802,0.6,0.35
u_396d72b682a2,0.1009581089,0.6,0.35
u_030dfbb8cb78,0.1169553101,0.0,0.0
u_688f2b5eefb5,0.0965180993,0.6,0.35
u_47bcbcc5cdfc,0.1063280553,0.0,1.0
u_0d450ec7d05e,0.0888796747,1.0,0.0
u_99855ce5b184,0.0762633234,0.6,0.35
u_cf5a87bf792c,0.0970796198,0.6,0.35
u_7413242180fe,0.1065137386,0.6,0.35
u_fda1bbfe4ad7,0.0915893018,0.6,0.35
u_37d717cd9b20,0.112563625,0.6,0.35
u_bed753915c37,0.1221114397,0.6,0.35
u_e1e7f7668f4f,0.102580145,0.6,0.35
u_bf0accdc7298,0.0908972844,1.0,0.0
u_1a0bf4b3eec6,0.0850698948,0.6,0.35
u_f9eb1dce5203,0.0776588172,1.0,0.0
u_c400d231bc1b,0.0475221947,0.6,0.35
u_a6e78490af96,0.0368449129,0.6,0.35
u_3c20476aed71,0.1106685027,1.0,0.0
u_0d491ac7cb4f,0.0968277454,0.0,0.0
u_cc5ab98c6216,0.0902553871,0.6,0.35
u_b5b6affb0c9b,0.0310704168,0.6,0.35
u_94002279d32f,0.0300264135,1.0,0.0
u_4282b9e8a57c,0.1256486923,1.0,0.0
u_f86beea05b66,0.0321420692,0.0,1.0
u_e73fbbfc029a,0.0227502882,0.0,0.0
u_2afce83a7873,0.0930523574,0.6,0.35
u_26d32a475b71,0.1091582775,0.0,0.0
u_1b6a201efece,0.1100776792,1.0,0.0
u_e0309c5b4904,0.012472529,1.0,1.0
u_2d0360071ccd,0.1337142289,0.6,0.35
u_942c63a11ce4,0.0830783993,0.6,0.35
u_aa6fd16363ca,0.0659016222,0.6,0.35
u_2001737654ed,0.0969884098,0.6,0.35
u_b6454af1bc2b,0.0825696886,1.0,0.0
u_ed43c33bf749,0.0390793383,0.6,0.35
u_1df6320eed6d,0.0225940309,0.6,0.35
u_61c0fb5be7dd,0.1082371622,1.0,0.0
u_170344df0c1a,0.0320498943,0.6,0.35
u_2213601a0f58,0.0410845317,0.0,0.0
u_4fee13d890ae,0.0477278493,0.6,0.35
u_0e5bc961eaaf,0.0918901116,0.6,0.35
u_35b94be71e6d,0.1114720255,0.6,0.35
u_42edd42107d5,0.1327811331,1.0,1.0
u_59cc07e83d01,0.0624462329,0.6,0.35
u_247911c8c8a7,0.0903732032,0.6,0.35
u_bec59a22f3ce,0.1139583439,0.0,0.0
u_c31bd140add2,0.0641693696,0.0,1.0
u_4e4cd0acaee7,0.0476597324,0.6,0.35
u_db6b00b2a2ff,0.1242169142,1.0,0.0
u_c584af37697f,0.0723718107,0.6,0.35
u_a52cb84c7436,0.05050046,0.6,0.35
u_67d7603be15b,0.1053906158,1.0,1.0
u_964653f94cad,0.1203440279,1.0,1.0
u_72cd0d0cd043,0.0965354443,0.0,0.0
u_1a40cdc53cbe,0.1219337136,1.0,0.0
u_5f140a78f339,0.0911137238,0.0,0.0
u_edd06ddc919d,0.1149853468,0.6,0.35
u_9d639464fbeb,0.0694096982,0.6,0.35
u_ef08ee3c9a4f,0.105681926,0.0,0.0
u_0627a8ad6b43,0.0822892115,1.0,0.0
u_80c8e9257d04,0.1304498613,0.0,0.0
u_7a5ec60f4891,0.1090646833,0.0,0.0
u_3075fa565fed,0.0871560201,1.0,0.0
u_356886a66c17,0.0354603343,0.6,0.35
u_318405747c7f,0.1067418754,1.0,0.0
u_b6ceebf644bd,0.0890439451,0.6,0.35
u_d4f57db30768,0.0690907687,0.6,0.35
u_3e25b8698254,0.0896529183,0.6,0.35
u_137596b2c03b,0.0696969479,0.6,0.35
u_bb7a3bdd151e,0.0869594812,0.0,0.0
